username,email,pass,is_admin
Thang Le The,thanglethe@gmail.com,mkhau123@,false
Bngoc Nguyễn,bngocnguyen@gmail.com,mkhau123@,false
Nhu Xuan Tran,nhuxuantran@gmail.com,mkhau123@,false
huongly tranpham,huonglytranpham@gmail.com,mkhau123@,false
Duy Tran Duc,duytranduc@gmail.com,mkhau123@,false
Lynh Thùy,lynhthuy@gmail.com,mkhau123@,false
Taos,taos@gmail.com,mkhau123@,false
VungLe,vungle@gmail.com,mkhau123@,false
Hoang Vo,hoangvo@gmail.com,mkhau123@,false
Quang Thach Le,quangthachle@gmail.com,mkhau123@,false
Hoa Nguyen,hoanguyen@gmail.com,mkhau123@,false
Thomas D,thomasd@gmail.com,mkhau123@,false
Khánh Linh,khanhlinh@gmail.com,mkhau123@,false
Kiều Phạm,kieupham@gmail.com,mkhau123@,false
Ngọc Trãi Dương,ngoctraiduong@gmail.com,mkhau123@,false
Gió,gio@gmail.com,mkhau123@,false
Vân Hoàng,vanhoang@gmail.com,mkhau123@,false
Thị Phương Trâm Ngô,thiphuongtramngo@gmail.com,mkhau123@,false
Hieu Vo,hieuvo@gmail.com,mkhau123@,false
Minh Hằng Lã,minhhangla@gmail.com,mkhau123@,false
Bui Anh Dung,buianhdung@gmail.com,mkhau123@,false
Nghia Tran Viet,nghiatranviet@gmail.com,mkhau123@,false
Ngân Lê,nganle@gmail.com,mkhau123@,false
Gy Gy,gygy@gmail.com,mkhau123@,false
hoàng ngọc,hoangngoc@gmail.com,mkhau123@,false
An My,anmy@gmail.com,mkhau123@,false
Tú Trần Quang,tutranquang@gmail.com,mkhau123@,false
thủy yz,thuyyz@gmail.com,mkhau123@,false
Ney Khanh,neykhanh@gmail.com,mkhau123@,false
Minh Phạm,minhpham@gmail.com,mkhau123@,false
CWT,cwt@gmail.com,mkhau123@,false
Tahani W siddharth,tahaniwsiddharth@gmail.com,mkhau123@,false
Ducminh Le,ducminhle@gmail.com,mkhau123@,false
Nguyen Duy Lam,nguyenduylam@gmail.com,mkhau123@,false
Thị Hồng Trần,thihongtran@gmail.com,mkhau123@,false
farm Due,farmdue@gmail.com,mkhau123@,false
Giang Lang Thang,gianglangthang@gmail.com,mkhau123@,false
Ada Agatha,adaagatha@gmail.com,mkhau123@,false
Giang Pham,giangpham@gmail.com,mkhau123@,false
Nhu Thang Nguyen,nhuthangnguyen@gmail.com,mkhau123@,false
Trang Phan,trangphan@gmail.com,mkhau123@,false
Cono Mi,conomi@gmail.com,mkhau123@,false
Anh Quân Nguyễn,anhquannguyen@gmail.com,mkhau123@,false
Nguyễn Đức Thành,nguyenđucthanh@gmail.com,mkhau123@,false
Mariateresa W jaylese,mariateresawjaylese@gmail.com,mkhau123@,false
Công Thuần Ngô,congthuanngo@gmail.com,mkhau123@,false
An Phạm,anpham@gmail.com,mkhau123@,false
Thao Nguyen,thaonguyen@gmail.com,mkhau123@,false
Felix Pham,felixpham@gmail.com,mkhau123@,false
Thu Trang Đặng Thị,thutrangđangthi@gmail.com,mkhau123@,false
Ngọc Anh Trần,ngocanhtran@gmail.com,mkhau123@,false
Long Vux,longvux@gmail.com,mkhau123@,false
Văn Trạch,vantrach@gmail.com,mkhau123@,false
Nga Phạm,ngapham@gmail.com,mkhau123@,false
Phuc Nguyen,phucnguyen@gmail.com,mkhau123@,false
Như Yên,nhuyen@gmail.com,mkhau123@,false
Thảo Vy,thaovy@gmail.com,mkhau123@,false
Dong Hoang,donghoang@gmail.com,mkhau123@,false
Thinh Pham,thinhpham@gmail.com,mkhau123@,false
Giang Nhi Nguyễn,giangnhinguyen@gmail.com,mkhau123@,false
Trần Mỹ Đào,tranmyđao@gmail.com,mkhau123@,false
Nhu Hai Le,nhuhaile@gmail.com,mkhau123@,false
Quang Hưng,quanghung@gmail.com,mkhau123@,false
trinh bao,trinhbao@gmail.com,mkhau123@,false
Thuy Ngo,thuyngo@gmail.com,mkhau123@,false
Trang Thùy (Tem),trangthuy(tem)@gmail.com,mkhau123@,false
Thảo Dương,thaoduong@gmail.com,mkhau123@,false
Juno,juno@gmail.com,mkhau123@,false
Trang Ngọc,trangngoc@gmail.com,mkhau123@,false
Hien Tran,hientran@gmail.com,mkhau123@,false
Tuyên Lê,tuyenle@gmail.com,mkhau123@,false
Trần Trung,trantrung@gmail.com,mkhau123@,false
Vinh Si,vinhsi@gmail.com,mkhau123@,false
Yuri Kim,yurikim@gmail.com,mkhau123@,false
Nguyen Cuong (Peter),nguyencuong(peter)@gmail.com,mkhau123@,false
Bear Dzung,beardzung@gmail.com,mkhau123@,false
20 tbuile,20tbuile@gmail.com,mkhau123@,false
Oanh Tran,oanhtran@gmail.com,mkhau123@,false
Hà Châu Phạm,hachaupham@gmail.com,mkhau123@,false
Vi Kiều,vikieu@gmail.com,mkhau123@,false
Grayesheep,grayesheep@gmail.com,mkhau123@,false
Linh TrinhGia,linhtrinhgia@gmail.com,mkhau123@,false
Tử Thiên,tuthien@gmail.com,mkhau123@,false
Anh Phạm,anhpham@gmail.com,mkhau123@,false
Võ Chí Thành,vochithanh@gmail.com,mkhau123@,false
cúc7 kim,cuc7kim@gmail.com,mkhau123@,false
Trang Nguyễn,trangnguyen@gmail.com,mkhau123@,false
Âm nhạc Thư,amnhacthu@gmail.com,mkhau123@,false
P,p@gmail.com,mkhau123@,false
Phương Thanh,phuongthanh@gmail.com,mkhau123@,false
Nguyễn Hoài Nam,nguyenhoainam@gmail.com,mkhau123@,false
Thành Nguyễn Trung,thanhnguyentrung@gmail.com,mkhau123@,false
nguyên nguyễn,nguyennguyen@gmail.com,mkhau123@,false
Hùng Nguyễn Như,hungnguyennhu@gmail.com,mkhau123@,false
vo quoc,voquoc@gmail.com,mkhau123@,false
Le Thuong,lethuong@gmail.com,mkhau123@,false
Lê Đình Minh Toàn,leđinhminhtoan@gmail.com,mkhau123@,false
Mặp Cá,mapca@gmail.com,mkhau123@,false
Nhi Hoàng,nhihoang@gmail.com,mkhau123@,false
Trường Vĩnh,truongvinh@gmail.com,mkhau123@,false
Ly Pham Thi,lyphamthi@gmail.com,mkhau123@,false
Trịnh Duy Nhân,trinhduynhan@gmail.com,mkhau123@,false
My,my@gmail.com,mkhau123@,false
vy pham,vypham@gmail.com,mkhau123@,false
Hồng Hạnh Bùi Trần,honghanhbuitran@gmail.com,mkhau123@,false
Tịp,tip@gmail.com,mkhau123@,false
Gordy Thomas,gordythomas@gmail.com,mkhau123@,false
Hoàng Vũ Nguyễn Văn,hoangvunguyenvan@gmail.com,mkhau123@,false
Khoi Nguyen,khoinguyen@gmail.com,mkhau123@,false
Sang Le,sangle@gmail.com,mkhau123@,false
Huy Phong Nguyễn,huyphongnguyen@gmail.com,mkhau123@,false
PHƯƠNG CƠ KHÍ,phuongcokhi@gmail.com,mkhau123@,false
Huyền Phương,huyenphuong@gmail.com,mkhau123@,false
cong giang nguyễn,conggiangnguyen@gmail.com,mkhau123@,false
Ngọc Anh Lê,ngocanhle@gmail.com,mkhau123@,false
Thao Thanh,thaothanh@gmail.com,mkhau123@,false
Lê Minh Thư,leminhthu@gmail.com,mkhau123@,false
My Nguyễn,mynguyen@gmail.com,mkhau123@,false
Many Nguyen,manynguyen@gmail.com,mkhau123@,false
Thảo Thiên,thaothien@gmail.com,mkhau123@,false
Công Thiện Trương,congthientruong@gmail.com,mkhau123@,false
Quân Nguyễn,quannguyen@gmail.com,mkhau123@,false
DT hau,dthau@gmail.com,mkhau123@,false
Quỳnh Diễm,quynhdiem@gmail.com,mkhau123@,false
Văn khánh Nguyễn,vankhanhnguyen@gmail.com,mkhau123@,false
Lưu Bùi Thị Hồng,luubuithihong@gmail.com,mkhau123@,false
Thảo Yên Lê Hoàng,thaoyenlehoang@gmail.com,mkhau123@,false
Huỳnh Minh Việt,huynhminhviet@gmail.com,mkhau123@,false
Anh Thư Nguyễn,anhthunguyen@gmail.com,mkhau123@,false
Hữu Tín Hồ,huutinho@gmail.com,mkhau123@,false
An Như Ngọc,annhungoc@gmail.com,mkhau123@,false
Tường Vy,tuongvy@gmail.com,mkhau123@,false
Hải Dương Nguyễn Thị,haiduongnguyenthi@gmail.com,mkhau123@,false
Sinh Hoang,sinhhoang@gmail.com,mkhau123@,false
Cam Van Nguyễn,camvannguyen@gmail.com,mkhau123@,false
Diệp Bùi,diepbui@gmail.com,mkhau123@,false
Nhâm Thân Trần,nhamthantran@gmail.com,mkhau123@,false
Phạm Thanh Phong,phamthanhphong@gmail.com,mkhau123@,false
Ngọc Trần,ngoctran@gmail.com,mkhau123@,false
Hung Nguyen,hungnguyen@gmail.com,mkhau123@,false
Anh Nguyen,anhnguyen@gmail.com,mkhau123@,false
Linh Tuyet,linhtuyet@gmail.com,mkhau123@,false
Vansy Dang,vansydang@gmail.com,mkhau123@,false
An Nhiên Trần,annhientran@gmail.com,mkhau123@,false
Thư Vũ,thuvu@gmail.com,mkhau123@,false
huong nguyen,huongnguyen@gmail.com,mkhau123@,false
Khanh Linh Dang,khanhlinhdang@gmail.com,mkhau123@,false
Diệu Lê,dieule@gmail.com,mkhau123@,false
Thao Xinh (Sophea),thaoxinh(sophea)@gmail.com,mkhau123@,false
Ánh Mai,anhmai@gmail.com,mkhau123@,false
Xuân Ánh,xuananh@gmail.com,mkhau123@,false
Nguyen Hue,nguyenhue@gmail.com,mkhau123@,false
Hằng Trần Thị,hangtranthi@gmail.com,mkhau123@,false
공명이엄마,공명이엄마@gmail.com,mkhau123@,false
린엘,린엘@gmail.com,mkhau123@,false
Hoa Trần,hoatran@gmail.com,mkhau123@,false
Linh Lê Thị Hoài,linhlethihoai@gmail.com,mkhau123@,false
Long Nguyễn,longnguyen@gmail.com,mkhau123@,false
Davis Quân,davisquan@gmail.com,mkhau123@,false
Ha My Nguyen,hamynguyen@gmail.com,mkhau123@,false
Nguyễn Jasmine,nguyenjasmine@gmail.com,mkhau123@,false
Lê Hoàng Long,lehoanglong@gmail.com,mkhau123@,false
Cya san,cyasan@gmail.com,mkhau123@,false
Vu Le,vule@gmail.com,mkhau123@,false
Nguyễn Anh Khang,nguyenanhkhang@gmail.com,mkhau123@,false
nhi nguyen,nhinguyen@gmail.com,mkhau123@,false
minh thanh,minhthanh@gmail.com,mkhau123@,false
김민성,김민성@gmail.com,mkhau123@,false
김지구,김지구@gmail.com,mkhau123@,false
Ngân Kim,ngankim@gmail.com,mkhau123@,false
Trần Thị Thúy Nga,tranthithuynga@gmail.com,mkhau123@,false
Minh Nguyễn Văn,minhnguyenvan@gmail.com,mkhau123@,false
Thanh Nhan Nguyen Thi,thanhnhannguyenthi@gmail.com,mkhau123@,false
Van Cao,vancao@gmail.com,mkhau123@,false
Trương Gia Minh,truonggiaminh@gmail.com,mkhau123@,false
An Khương Trần Nguyễn,ankhuongtrannguyen@gmail.com,mkhau123@,false
Ngoc Quyen,ngocquyen@gmail.com,mkhau123@,false
Tay Nu,taynu@gmail.com,mkhau123@,false
Khánh Vũ văn,khanhvuvan@gmail.com,mkhau123@,false
Dieu Dao,dieudao@gmail.com,mkhau123@,false
Huu vu Nguyen,huuvunguyen@gmail.com,mkhau123@,false
Su Ni Nguyen,suninguyen@gmail.com,mkhau123@,false
Trần Quang Vinh (Vincent Tran),tranquangvinh(vincenttran)@gmail.com,mkhau123@,false
Huytamkaka Ngo,huytamkakango@gmail.com,mkhau123@,false
Hà Thanh,hathanh@gmail.com,mkhau123@,false
Duyet Bui,duyetbui@gmail.com,mkhau123@,false
Mộc,moc@gmail.com,mkhau123@,false
Buile Thaomy,builethaomy@gmail.com,mkhau123@,false
Cao Hoa (12.23.32),caohoa(12.23.32)@gmail.com,mkhau123@,false
Thuy Pham,thuypham@gmail.com,mkhau123@,false
Anh Thư,anhthu@gmail.com,mkhau123@,false
Ha Le,hale@gmail.com,mkhau123@,false
Trung Mỹ Trần,trungmytran@gmail.com,mkhau123@,false
trang pham,trangpham@gmail.com,mkhau123@,false
Đức Huy Nguyễn,đuchuynguyen@gmail.com,mkhau123@,false
Ngọc Khôi Trần,ngockhoitran@gmail.com,mkhau123@,false
Vĩnh Phúc Nguyễn Nho,vinhphucnguyennho@gmail.com,mkhau123@,false
Công Địnhh,congđinhh@gmail.com,mkhau123@,false
Thanh Phương Nguyễn,thanhphuongnguyen@gmail.com,mkhau123@,false
Chiyo Hoho,chiyohoho@gmail.com,mkhau123@,false
Xuân An Nguyễn,xuanannguyen@gmail.com,mkhau123@,false
Tường Vy Đặng Thị,tuongvyđangthi@gmail.com,mkhau123@,false
Nhung Nguyễn,nhungnguyen@gmail.com,mkhau123@,false
tubao nguyen,tubaonguyen@gmail.com,mkhau123@,false
Nhi Khánh,nhikhanh@gmail.com,mkhau123@,false
Kiên Hoàng Trọng,kienhoangtrong@gmail.com,mkhau123@,false
Huy Phi Hồng,huyphihong@gmail.com,mkhau123@,false
Hào Lê Cao,haolecao@gmail.com,mkhau123@,false
Anh Phan,anhphan@gmail.com,mkhau123@,false
Khuong Bao,khuongbao@gmail.com,mkhau123@,false
Song Mai Mai,songmaimai@gmail.com,mkhau123@,false
Lisa B,lisab@gmail.com,mkhau123@,false
Jenny Nguyen,jennynguyen@gmail.com,mkhau123@,false
Hà Vũ Linh,havulinh@gmail.com,mkhau123@,false
Hieu Tran Cong,hieutrancong@gmail.com,mkhau123@,false
Trang phạm,trangpham@gmail.com,mkhau123@,false
Nguyen Dinh Toan,nguyendinhtoan@gmail.com,mkhau123@,false
Đình Long Bùi,đinhlongbui@gmail.com,mkhau123@,false
Ngô Thị Kim Thanh (Thanh ntk),ngothikimthanh(thanhntk)@gmail.com,mkhau123@,false
Thanh Tam Do,thanhtamdo@gmail.com,mkhau123@,false
Yến Nhi Tạ,yennhita@gmail.com,mkhau123@,false
Quoc Tran,quoctran@gmail.com,mkhau123@,false
Dương Vũ,duongvu@gmail.com,mkhau123@,false
Nguyễn Phùng Hưng,nguyenphunghung@gmail.com,mkhau123@,false
Kha Pham Cao Dieu,khaphamcaodieu@gmail.com,mkhau123@,false
Kevin Nguyễn,kevinnguyen@gmail.com,mkhau123@,false
Dungz Mai,dungzmai@gmail.com,mkhau123@,false
Hiep Duong The,hiepduongthe@gmail.com,mkhau123@,false
Phúc Nguyễn Hữu,phucnguyenhuu@gmail.com,mkhau123@,false
Peter Quantrill,peterquantrill@gmail.com,mkhau123@,false
Anh Vũ thị thùy,anhvuthithuy@gmail.com,mkhau123@,false
Sơn Trần Hoài,sontranhoai@gmail.com,mkhau123@,false
Thanh Tùng,thanhtung@gmail.com,mkhau123@,false
Kenny Nguyễn,kennynguyen@gmail.com,mkhau123@,false
Tâm Nguyễn,tamnguyen@gmail.com,mkhau123@,false
Cà phê Cóc,caphecoc@gmail.com,mkhau123@,false
Hieu Explorer No1,hieuexplorerno1@gmail.com,mkhau123@,false
Tố Loan Trần Thị,toloantranthi@gmail.com,mkhau123@,false
Thu Le,thule@gmail.com,mkhau123@,false
duc minh,ducminh@gmail.com,mkhau123@,false
Khánh Ngô Duy,khanhngoduy@gmail.com,mkhau123@,false
mei mei,meimei@gmail.com,mkhau123@,false
Mia Nguyen,mianguyen@gmail.com,mkhau123@,false
Công Minh Vũ,congminhvu@gmail.com,mkhau123@,false
Trúc Nguyễn,trucnguyen@gmail.com,mkhau123@,false
Hạnh Nguyên Ngô,hanhnguyenngo@gmail.com,mkhau123@,false
Ngọc Uynn,ngocuynn@gmail.com,mkhau123@,false
APi Nguyễn,apinguyen@gmail.com,mkhau123@,false
Uyển Nhi Lê,uyennhile@gmail.com,mkhau123@,false
Asaliem Mohamach,asaliemmohamach@gmail.com,mkhau123@,false
Phước Nguyễn Thanh,phuocnguyenthanh@gmail.com,mkhau123@,false
Vĩnh Phúc Khánh Đoan,vinhphuckhanhđoan@gmail.com,mkhau123@,false
Diễm Quỳnh Nguyễn Lê,diemquynhnguyenle@gmail.com,mkhau123@,false
Dinh Hong Van,dinhhongvan@gmail.com,mkhau123@,false
Huyền Trần Thị,huyentranthi@gmail.com,mkhau123@,false
Ánh Nguyễn Ngọc,anhnguyenngoc@gmail.com,mkhau123@,false
Moi Ngày,moingay@gmail.com,mkhau123@,false
Mai Nguyên,mainguyen@gmail.com,mkhau123@,false
Quan Tran,quantran@gmail.com,mkhau123@,false
Hoàng Nguyễn,hoangnguyen@gmail.com,mkhau123@,false
Phong Nguyen,phongnguyen@gmail.com,mkhau123@,false
Kelsi Bích Trân (Dân Bích Chương),kelsibichtran(danbichchuong)@gmail.com,mkhau123@,false
Thành Luân Châu,thanhluanchau@gmail.com,mkhau123@,false
Vân Anh Lê,vananhle@gmail.com,mkhau123@,false
Hoài Lê,hoaile@gmail.com,mkhau123@,false
Trọng Lê,trongle@gmail.com,mkhau123@,false
HoaPhuong 27,hoaphuong27@gmail.com,mkhau123@,false
NgangNa Village,ngangnavillage@gmail.com,mkhau123@,false
Tuấn Minh,tuanminh@gmail.com,mkhau123@,false
Shumi Nguyen,shuminguyen@gmail.com,mkhau123@,false
nguyễn ngọc hiếu,nguyenngochieu@gmail.com,mkhau123@,false
Thuỳ Dương Trần Thị,thuyduongtranthi@gmail.com,mkhau123@,false
Ngọc Huyền Trang Hà,ngochuyentrangha@gmail.com,mkhau123@,false
Oi Ty,oity@gmail.com,mkhau123@,false
Minh Quân Nguyễn,minhquannguyen@gmail.com,mkhau123@,false
hoabac nhasan,hoabacnhasan@gmail.com,mkhau123@,false
Anh Le,anhle@gmail.com,mkhau123@,false
Minh Huệ Nguyễn,minhhuenguyen@gmail.com,mkhau123@,false
Thị Mỹ Tuyền Phan,thimytuyenphan@gmail.com,mkhau123@,false
Thiennhien Nguyen,thiennhiennguyen@gmail.com,mkhau123@,false
PThao,pthao@gmail.com,mkhau123@,false
Thu Huyen ngo,thuhuyenngo@gmail.com,mkhau123@,false
Ngoc yen Ly,ngocyenly@gmail.com,mkhau123@,false
Mi Gơ Trần,migotran@gmail.com,mkhau123@,false
Khoan Lang,khoanlang@gmail.com,mkhau123@,false
Tan Phung,tanphung@gmail.com,mkhau123@,false
Đức Đen,đucđen@gmail.com,mkhau123@,false
Thảo Bích,thaobich@gmail.com,mkhau123@,false
fiona jones,fionajones@gmail.com,mkhau123@,false
Nguyễn Duy Diện,nguyenduydien@gmail.com,mkhau123@,false
Minh Đình van,minhđinhvan@gmail.com,mkhau123@,false
Đặng Huy Tùng,đanghuytung@gmail.com,mkhau123@,false
Nhat Nguyen,nhatnguyen@gmail.com,mkhau123@,false
Manh Nguyen,manhnguyen@gmail.com,mkhau123@,false
Da Nang,danang@gmail.com,mkhau123@,false
Vương Hữu Thiện,vuonghuuthien@gmail.com,mkhau123@,false
Nguyễn Hữu Hoà,nguyenhuuhoa@gmail.com,mkhau123@,false
JEAN JEAN,jeanjean@gmail.com,mkhau123@,false
Nhi Vân,nhivan@gmail.com,mkhau123@,false
Hằng Thúy,hangthuy@gmail.com,mkhau123@,false
Quỳnh Vy Lê Hoàng,quynhvylehoang@gmail.com,mkhau123@,false
Rachparunh Phacharatechavanich,rachparunhphacharatechavanich@gmail.com,mkhau123@,false
Triệu Đô TV,trieuđotv@gmail.com,mkhau123@,false
Đình Hậu Trần,đinhhautran@gmail.com,mkhau123@,false
Quang Tùng Trương Phạm,quangtungtruongpham@gmail.com,mkhau123@,false
thắng trần,thangtran@gmail.com,mkhau123@,false
Vy Khánh,vykhanh@gmail.com,mkhau123@,false
Khoi TRUONG DINH,khoitruongdinh@gmail.com,mkhau123@,false
Nhật Minh (Beer),nhatminh(beer)@gmail.com,mkhau123@,false
Hiền Đức,hienđuc@gmail.com,mkhau123@,false
Cuong Tran,cuongtran@gmail.com,mkhau123@,false
Ranger86,ranger86@gmail.com,mkhau123@,false
Andy Dao,andydao@gmail.com,mkhau123@,false
Thanh Le,thanhle@gmail.com,mkhau123@,false
Dũng Quốc,dungquoc@gmail.com,mkhau123@,false
Bảo Linh,baolinh@gmail.com,mkhau123@,false
Richard,richard@gmail.com,mkhau123@,false
Thiện Da Dương,thiendaduong@gmail.com,mkhau123@,false
HUAN PT NGUYEN VAN,huanptnguyenvan@gmail.com,mkhau123@,false
Biên Kịch Trần,bienkichtran@gmail.com,mkhau123@,false
Khánh Đặng,khanhđang@gmail.com,mkhau123@,false
Bard Khoa,bardkhoa@gmail.com,mkhau123@,false
Yến Bảo,yenbao@gmail.com,mkhau123@,false
An Duong,anduong@gmail.com,mkhau123@,false
Thanh Nguyễn,thanhnguyen@gmail.com,mkhau123@,false
Dn Doan,dndoan@gmail.com,mkhau123@,false
Lê Nguyễn Luân Vũ,lenguyenluanvu@gmail.com,mkhau123@,false
Hoàng Nguyễn Ngọc Nhân Ái,hoangnguyenngocnhanai@gmail.com,mkhau123@,false
Hue Hoang Hong,huehoanghong@gmail.com,mkhau123@,false
Tiến Phúc (Phúc Tiến Tarot),tienphuc(phuctientarot)@gmail.com,mkhau123@,false
Nguyen Dung,nguyendung@gmail.com,mkhau123@,false
Tiến Thành Phạm,tienthanhpham@gmail.com,mkhau123@,false
Tuân Phạm Văn,tuanphamvan@gmail.com,mkhau123@,false
Trần Khôi,trankhoi@gmail.com,mkhau123@,false
RealReviewer,realreviewer@gmail.com,mkhau123@,false
Thị Hài Nguyễn,thihainguyen@gmail.com,mkhau123@,false
Gon,gon@gmail.com,mkhau123@,false
Toản Quốc,toanquoc@gmail.com,mkhau123@,false
Dân Ngọc Nguyễn,danngocnguyen@gmail.com,mkhau123@,false
Hoang kim Ngo,hoangkimngo@gmail.com,mkhau123@,false
Phú Nguyễn,phunguyen@gmail.com,mkhau123@,false
Lien Dao,liendao@gmail.com,mkhau123@,false
Quang Nguyễn Phong,quangnguyenphong@gmail.com,mkhau123@,false
Trần Thị Thanh Tâm,tranthithanhtam@gmail.com,mkhau123@,false
ngoc quynh Nguyen,ngocquynhnguyen@gmail.com,mkhau123@,false
Dinh Dong DOAN,dinhdongdoan@gmail.com,mkhau123@,false
Tầm Mạc Văn,tammacvan@gmail.com,mkhau123@,false
Hảo Nguyễn,haonguyen@gmail.com,mkhau123@,false
G Ph,gph@gmail.com,mkhau123@,false
Lâm Huỳnh,lamhuynh@gmail.com,mkhau123@,false
Long Thiên,longthien@gmail.com,mkhau123@,false
Tran Minh,tranminh@gmail.com,mkhau123@,false
NTC,ntc@gmail.com,mkhau123@,false
Thành Mai,thanhmai@gmail.com,mkhau123@,false
Phương Trần Thị,phuongtranthi@gmail.com,mkhau123@,false
Bảo Long Ngô,baolongngo@gmail.com,mkhau123@,false
Nguyễn Đặng Trí Khang,nguyenđangtrikhang@gmail.com,mkhau123@,false
Dũng Nguyễn,dungnguyen@gmail.com,mkhau123@,false
Thang V. Huynh,thangv.huynh@gmail.com,mkhau123@,false
Do Thao,dothao@gmail.com,mkhau123@,false
Trần Đắc Toàn,tranđactoan@gmail.com,mkhau123@,false
Hoà Hồ,hoaho@gmail.com,mkhau123@,false
Ha Tran,hatran@gmail.com,mkhau123@,false
Lương Thị Thảo Vy,luongthithaovy@gmail.com,mkhau123@,false
Hoà Phạm,hoapham@gmail.com,mkhau123@,false
Nhan Nguyen,nhannguyen@gmail.com,mkhau123@,false
Hân Hồ,hanho@gmail.com,mkhau123@,false
Thuong Lunar,thuonglunar@gmail.com,mkhau123@,false
GSM,gsm@gmail.com,mkhau123@,false
thanhhang nguyen,thanhhangnguyen@gmail.com,mkhau123@,false
Thao Pham,thaopham@gmail.com,mkhau123@,false
trung tran,trungtran@gmail.com,mkhau123@,false
Hương Thân,huongthan@gmail.com,mkhau123@,false
Ngọc Diệp Nguyễn,ngocdiepnguyen@gmail.com,mkhau123@,false
Anh Nguyễn Thị Quỳnh,anhnguyenthiquynh@gmail.com,mkhau123@,false
Hoàng Thanh Huy,hoangthanhhuy@gmail.com,mkhau123@,false
Linh Diệu,linhdieu@gmail.com,mkhau123@,false
Ngọc Anh Tô,ngocanhto@gmail.com,mkhau123@,false
Hân Phạm,hanpham@gmail.com,mkhau123@,false
Ngọc Thảo Võ Trần Lâm,ngocthaovotranlam@gmail.com,mkhau123@,false
Linh Nguyen Thuy,linhnguyenthuy@gmail.com,mkhau123@,false
Nguyễn Mai Quỳnh Anh,nguyenmaiquynhanh@gmail.com,mkhau123@,false
Kiet Truong Anh,kiettruonganh@gmail.com,mkhau123@,false
Giang Dang,giangdang@gmail.com,mkhau123@,false
Thu Huong Tran,thuhuongtran@gmail.com,mkhau123@,false
Ngo Ngan,ngongan@gmail.com,mkhau123@,false
Tran Minh Tuan,tranminhtuan@gmail.com,mkhau123@,false
Thành Phạm,thanhpham@gmail.com,mkhau123@,false
MD VH,mdvh@gmail.com,mkhau123@,false
Tâm An,taman@gmail.com,mkhau123@,false
